{
  "title": "Zillow Scraper Input",
  "type": "object",
  "schemaVersion": 1,
  "properties": {
    "locations": {
      "title": "Locations / queries",
      "type": "array",
      "description": "List of human-readable location strings or Zillow search URLs.",
      "editor": "stringList",
      "prefill": [
        "San Jose, CA",
        "Boston, MA"
      ]
    },
    "listingTypes": {
      "title": "Listing types",
      "type": "array",
      "editor": "checkbox",
      "description": "What to include",
      "prefill": [
        "forSale",
        "forRent",
        "sold"
      ],
      "enum": [
        "forSale",
        "forRent",
        "sold"
      ]
    },
    "propertyTypes": {
      "title": "Property types",
      "type": "array",
      "editor": "checkbox",
      "prefill": [
        "houses",
        "apartments",
        "townhomes",
        "condos"
      ],
      "enum": [
        "houses",
        "apartments",
        "condos",
        "townhomes",
        "manufactured",
        "multiFamily",
        "lotsLand"
      ]
    },
    "minPrice": {
      "title": "Min price",
      "type": "integer"
    },
    "maxPrice": {
      "title": "Max price",
      "type": "integer"
    },
    "bedsMin": {
      "title": "Min beds",
      "type": "integer",
      "default": 0
    },
    "bathsMin": {
      "title": "Min baths",
      "type": "integer",
      "default": 0
    },
    "maxPagesPerLocation": {
      "title": "Max pages per location",
      "type": "integer",
      "default": 5
    },
    "maxItems": {
      "title": "Max total items",
      "type": "integer",
      "default": 500
    },
    "usePostalSearch": {
      "title": "Prefer postal/geo search",
      "type": "boolean",
      "default": true
    },
    "proxy": {
      "title": "Proxy configuration",
      "type": "object",
      "description": "Apify proxy settings",
      "editor": "proxy",
      "prefill": {
        "useApifyProxy": true
      }
    }
  },
  "required": [
    "locations"
  ]
}